epoch,time,train/box_loss,train/cls_loss,train/l1_loss,metrics/precision(B),metrics/recall(B),metrics/mAP50(B),metrics/mAP50-95(B),val/box_loss,val/cls_loss,val/l1_loss,lr/pg0,lr/pg1,lr/pg2,lr/pg3,lr/pg4,lr/pg5,lr/pg6,lr/pg7
47,586.036,0.97571,0.57736,0.01463,0.91868,0.82921,0.91284,0.69718,1.02964,0.41874,0.02292,0.020892,0.006964,0.020892,0.006964,0.020892,0.006964,0.020892,0.006964
48,1138.6,0.97778,0.58855,0.01456,0.91569,0.85711,0.91346,0.71046,1.02494,0.41408,0.02285,0.020694,0.006898,0.020694,0.006898,0.020694,0.006898,0.020694,0.006898
49,1695.99,0.96823,0.58933,0.01433,0.86712,0.8885,0.92704,0.7054,1.03026,0.41675,0.02311,0.020496,0.006832,0.020496,0.006832,0.020496,0.006832,0.020496,0.006832
50,2250.86,0.97406,0.58625,0.01441,0.90352,0.82194,0.90678,0.68832,1.02614,0.43075,0.02293,0.020298,0.006766,0.020298,0.006766,0.020298,0.006766,0.020298,0.006766
51,2804.52,0.96614,0.57996,0.01448,0.89895,0.81681,0.90868,0.70506,1.02891,0.43014,0.02293,0.0201,0.0067,0.0201,0.0067,0.0201,0.0067,0.0201,0.0067
52,3356.82,0.95528,0.55711,0.01432,0.92685,0.80669,0.90915,0.70779,1.01179,0.40683,0.02257,0.019902,0.006634,0.019902,0.006634,0.019902,0.006634,0.019902,0.006634
53,3904.02,0.95518,0.56256,0.0144,0.9158,0.86418,0.9275,0.71296,1.02338,0.40443,0.02281,0.019704,0.006568,0.019704,0.006568,0.019704,0.006568,0.019704,0.006568
54,4453.11,0.94582,0.55313,0.014,0.8699,0.85466,0.9023,0.70306,1.01588,0.40018,0.02269,0.019506,0.006502,0.019506,0.006502,0.019506,0.006502,0.019506,0.006502
55,4999.71,0.93998,0.55618,0.01397,0.9187,0.84408,0.90855,0.70925,1.01613,0.40908,0.02265,0.019308,0.006436,0.019308,0.006436,0.019308,0.006436,0.019308,0.006436
56,5544.08,0.92962,0.5728,0.0139,0.88735,0.86088,0.91272,0.70114,1.01162,0.43431,0.0226,0.01911,0.00637,0.01911,0.00637,0.01911,0.00637,0.01911,0.00637
57,6090.48,0.9376,0.55773,0.01399,0.88192,0.88474,0.90997,0.70236,1.02087,0.40354,0.02295,0.018912,0.006304,0.018912,0.006304,0.018912,0.006304,0.018912,0.006304
58,6636.97,0.91845,0.54475,0.0138,0.929,0.85791,0.91474,0.71722,1.00312,0.41038,0.02223,0.018714,0.006238,0.018714,0.006238,0.018714,0.006238,0.018714,0.006238
59,7184.48,0.92118,0.54437,0.01366,0.90531,0.84271,0.90449,0.70351,0.99701,0.41979,0.0221,0.018516,0.006172,0.018516,0.006172,0.018516,0.006172,0.018516,0.006172
60,7728.58,0.90758,0.54026,0.01358,0.90359,0.86646,0.90787,0.70167,0.99994,0.42713,0.02207,0.018318,0.006106,0.018318,0.006106,0.018318,0.006106,0.018318,0.006106
61,8273.66,0.90219,0.52842,0.01343,0.91242,0.84589,0.90223,0.70793,1.00281,0.42125,0.02208,0.01812,0.00604,0.01812,0.00604,0.01812,0.00604,0.01812,0.00604
62,8818.37,0.90013,0.52308,0.01355,0.90869,0.86123,0.91022,0.71527,1.00965,0.42231,0.02237,0.017922,0.005974,0.017922,0.005974,0.017922,0.005974,0.017922,0.005974
63,9365.98,0.89943,0.52551,0.01343,0.92033,0.85161,0.91373,0.71444,1.00568,0.41498,0.0224,0.017724,0.005908,0.017724,0.005908,0.017724,0.005908,0.017724,0.005908
64,9916.59,0.88946,0.53184,0.01323,0.90403,0.87448,0.90976,0.7191,1.00266,0.43541,0.02219,0.017526,0.005842,0.017526,0.005842,0.017526,0.005842,0.017526,0.005842
65,10464.2,0.87626,0.50915,0.01292,0.90937,0.86353,0.91523,0.72113,1.00267,0.42557,0.02218,0.017328,0.005776,0.017328,0.005776,0.017328,0.005776,0.017328,0.005776
66,11010.2,0.86754,0.50565,0.0129,0.92738,0.84598,0.91059,0.72078,0.99383,0.42247,0.02199,0.01713,0.00571,0.01713,0.00571,0.01713,0.00571,0.01713,0.00571
67,11556.4,0.86576,0.50625,0.01268,0.90622,0.85962,0.91653,0.72155,0.99684,0.41578,0.0221,0.016932,0.005644,0.016932,0.005644,0.016932,0.005644,0.016932,0.005644
68,12105,0.86507,0.49646,0.01276,0.87193,0.86774,0.89556,0.71219,0.99322,0.41759,0.02206,0.016734,0.005578,0.016734,0.005578,0.016734,0.005578,0.016734,0.005578
69,12649.4,0.85961,0.49239,0.01263,0.88908,0.86235,0.91009,0.71878,0.99103,0.42539,0.02201,0.016536,0.005512,0.016536,0.005512,0.016536,0.005512,0.016536,0.005512
70,13193.2,0.84981,0.49006,0.01263,0.86572,0.89181,0.90516,0.71538,0.98525,0.42161,0.02179,0.016338,0.005446,0.016338,0.005446,0.016338,0.005446,0.016338,0.005446
71,13737.8,0.85314,0.49348,0.0126,0.90632,0.83304,0.89917,0.70375,0.98995,0.43274,0.0219,0.01614,0.00538,0.01614,0.00538,0.01614,0.00538,0.01614,0.00538
72,14283.6,0.84281,0.48508,0.01243,0.90472,0.83153,0.89473,0.70672,0.98334,0.4388,0.02174,0.015942,0.005314,0.015942,0.005314,0.015942,0.005314,0.015942,0.005314
73,14828.5,0.84545,0.48171,0.01253,0.9186,0.8222,0.89251,0.6997,0.98267,0.42196,0.02173,0.015744,0.005248,0.015744,0.005248,0.015744,0.005248,0.015744,0.005248
74,15372.9,0.82915,0.47783,0.01209,0.90949,0.86415,0.8986,0.70863,0.98151,0.43086,0.02169,0.015546,0.005182,0.015546,0.005182,0.015546,0.005182,0.015546,0.005182
75,15918.1,0.83031,0.48955,0.01228,0.92424,0.83924,0.9095,0.71832,0.98228,0.42624,0.02173,0.015348,0.005116,0.015348,0.005116,0.015348,0.005116,0.015348,0.005116
76,16464.6,0.82127,0.46722,0.01215,0.90834,0.85101,0.90725,0.71603,0.98148,0.43026,0.02163,0.01515,0.00505,0.01515,0.00505,0.01515,0.00505,0.01515,0.00505
77,17009.4,0.81337,0.47069,0.01195,0.91557,0.85874,0.91262,0.71689,0.97755,0.42713,0.02154,0.014952,0.004984,0.014952,0.004984,0.014952,0.004984,0.014952,0.004984
