arm,cut_idx,inflight_k,repeat,frame_id,img_index,is_steady,read_ms,pre_ms,head_ms,wire_ms,srv_queue_ms,srv_decode_ms,tail_ms,e2e_ms,t_complete,bytes_up,n_dets,faithful
bottleneck,10,1,0,0,0,0,161.662,18.135,688.402,31.795,0.14,1.059,1856.08,2642.496,2484.848781,25857,2,0
bottleneck,10,1,0,1,1,0,134.765,13.104,664.557,63.588,0.257,0.889,1986.987,2731.15,2487.714899,25857,1,0
bottleneck,10,1,0,2,2,0,41.034,16.807,661.457,54.388,0.174,0.689,1820.626,2556.105,2490.312228,25871,1,1
bottleneck,10,1,0,3,3,0,32.994,12.598,658.147,97.742,0.191,0.71,1817.245,2588.451,2492.9338,25871,1,1
bottleneck,10,1,0,4,4,0,50.528,18.635,667.858,39.845,0.177,0.683,1798.681,2527.664,2495.512194,25871,1,0
bottleneck,10,1,0,5,5,0,32.119,12.959,658.257,139.768,0.171,0.681,1792.259,2605.919,2498.150362,25871,1,0
bottleneck,10,1,0,6,6,0,48.0,18.868,686.319,59.429,0.18,0.682,1794.381,2569.063,2500.767606,25871,1,0
bottleneck,10,1,0,7,7,0,199.348,12.829,667.42,92.372,0.167,0.684,1789.041,2564.373,2503.531456,25872,1,0
bottleneck,10,1,0,8,8,0,236.339,12.323,682.944,73.915,0.164,0.71,1800.253,2572.2,2506.340176,25872,1,0
bottleneck,10,1,0,9,9,0,187.218,12.678,655.701,51.535,0.155,0.691,1787.745,2510.441,2509.037967,25872,1,0
bottleneck,10,1,0,10,10,0,21.44,15.347,677.941,53.943,0.162,0.675,1791.533,2550.406,2511.610146,25856,0,1
bottleneck,10,1,0,11,11,0,14.463,12.124,655.962,66.782,0.164,0.679,1790.882,2528.311,2514.152969,25856,0,1
bottleneck,10,1,0,12,12,1,13.293,13.228,676.221,49.408,0.181,0.682,1786.68,2535.651,2516.701961,25856,0,1
bottleneck,10,1,0,13,13,1,10.484,11.991,658.458,138.459,0.175,0.689,1792.136,2603.704,2519.316198,25872,1,0
bottleneck,10,1,0,14,14,1,12.706,16.254,688.303,28.024,0.165,0.674,1793.159,2528.387,2521.857456,25872,0,1
bottleneck,10,1,0,15,15,1,13.979,10.006,654.282,100.722,0.164,0.892,1795.516,2563.502,2524.434986,25856,1,0
bottleneck,10,1,0,16,16,1,30.297,15.233,677.472,41.623,0.178,0.682,1792.618,2529.62,2526.995065,25872,1,0
bottleneck,10,1,0,17,17,1,33.851,12.473,657.16,59.123,0.17,0.729,1835.838,2567.311,2529.596361,25872,2,0
bottleneck,10,1,0,18,18,1,1855.927,16.055,659.204,43.322,0.186,0.684,1875.897,2597.52,2534.049991,25873,2,0
bottleneck,10,1,0,19,19,1,31.891,11.413,655.381,63.832,0.161,0.685,1790.281,2523.477,2536.605431,25856,0,1
bottleneck,10,1,0,20,0,1,134.975,12.315,656.299,110.146,0.158,0.679,1871.287,2652.592,2539.393222,25858,2,0
bottleneck,10,1,0,21,1,1,136.758,12.83,676.923,56.51,0.162,0.68,1791.648,2540.615,2542.07079,25858,1,0
bottleneck,10,1,0,22,2,1,28.432,12.209,659.573,57.496,0.174,0.676,1865.886,2597.811,2544.697171,25872,1,1
bottleneck,10,1,0,23,3,1,32.936,12.492,697.155,46.374,0.175,0.767,1793.111,2558.822,2547.289072,25872,1,1
bottleneck,10,1,0,24,4,1,32.638,12.466,656.252,79.147,0.168,0.681,1878.41,2628.951,2549.950803,25872,1,0
bottleneck,10,1,0,25,5,1,42.741,16.603,669.101,70.535,0.172,0.684,1799.202,2558.176,2552.551902,25872,1,0
bottleneck,10,1,0,26,6,1,30.833,12.868,665.104,60.187,0.161,0.753,1869.111,2610.173,2555.1931,25872,1,0
bottleneck,10,1,0,27,7,1,242.153,12.629,655.573,91.792,0.172,0.703,1790.77,2553.426,2557.988886,25873,1,0
bottleneck,10,1,0,28,8,1,197.97,13.763,652.842,102.842,0.171,0.671,1895.779,2676.515,2560.863504,25873,1,0
bottleneck,10,1,0,29,9,1,209.389,12.353,674.867,56.11,0.16,0.77,1787.445,2533.716,2563.606805,25873,1,0
bottleneck,10,1,0,30,10,1,18.951,11.197,726.693,102.03,0.175,0.748,1891.071,2733.852,2566.359862,25856,0,1
bottleneck,10,1,0,31,11,1,21.566,14.661,672.756,38.618,0.165,0.717,1794.226,2522.863,2568.904374,25856,0,1
bottleneck,10,1,0,32,12,1,13.46,10.277,657.343,55.304,0.184,0.675,1871.026,2603.727,2571.52161,25856,0,1
bottleneck,10,1,0,33,13,1,12.941,16.935,679.148,64.552,0.164,0.675,1793.664,2556.954,2574.091584,25872,1,0
bottleneck,10,1,0,34,14,1,10.041,12.411,656.078,78.521,0.178,0.683,1876.866,2633.93,2576.73575,25872,0,1
bottleneck,10,1,0,35,15,1,19.646,14.297,677.423,72.252,0.178,0.68,1790.585,2557.174,2579.312645,25856,1,0
bottleneck,10,1,0,36,16,1,29.611,13.99,664.998,56.516,0.184,0.721,1881.052,2619.326,2581.961719,25872,1,0
bottleneck,10,1,0,37,17,1,47.405,18.937,661.112,55.146,0.173,0.734,1791.677,2529.482,2584.538805,25872,2,0
bottleneck,10,1,0,38,18,1,1812.149,13.803,660.576,32.219,0.174,0.696,1789.531,2498.694,2588.849791,25873,2,0
bottleneck,10,1,0,39,19,1,27.187,9.822,657.398,45.406,0.182,0.708,1882.177,2597.405,2591.474426,25856,0,1
bottleneck,10,1,0,40,0,1,123.144,13.003,684.859,69.797,0.165,0.672,1791.795,2569.006,2594.166731,25858,2,0
bottleneck,10,1,0,41,1,1,124.17,12.058,658.288,78.699,0.182,0.686,1872.986,2624.595,2596.915659,25858,1,0
bottleneck,10,1,0,42,2,1,23.895,13.069,685.062,48.245,0.181,0.734,1794.274,2543.451,2599.483135,25872,1,1
bottleneck,10,1,0,43,3,1,28.304,12.421,655.235,50.747,0.173,0.678,1873.881,2595.032,2602.106601,25872,1,1
bottleneck,10,1,0,44,4,1,28.415,12.384,677.219,75.321,0.164,0.701,1790.174,2557.924,2604.693071,25872,1,0
bottleneck,10,1,0,45,5,1,27.654,12.566,658.372,78.71,0.169,0.73,1924.248,2676.59,2607.397444,25872,1,0
bottleneck,10,1,0,46,6,1,37.729,17.49,657.474,46.56,0.169,0.67,1807.235,2531.305,2609.96664,25872,1,0
bottleneck,10,1,0,47,7,1,192.18,12.943,662.586,36.94,0.165,0.732,1853.269,2568.357,2612.727305,25873,1,0
bottleneck,10,1,0,48,8,1,227.038,12.403,648.926,97.313,0.183,0.679,1795.477,2556.801,2615.511326,25873,1,0
bottleneck,10,1,0,49,9,1,178.189,12.912,654.192,66.535,0.185,0.739,1904.214,2640.463,2618.330108,25873,1,0
bottleneck,10,1,0,50,10,1,19.353,14.104,679.639,200.054,0.173,0.681,1792.751,2697.42,2621.047217,25856,0,1
bottleneck,10,1,0,51,11,1,10.945,11.815,663.792,68.825,0.178,0.71,1862.231,2609.236,2623.667446,25856,0,1
bottleneck,10,1,0,52,12,1,15.541,14.593,663.505,100.046,0.18,0.723,1799.643,2587.275,2626.270328,25856,0,1
bottleneck,10,1,0,53,13,1,6.924,11.916,657.071,48.285,0.163,0.716,1881.078,2600.962,2628.878267,25872,1,0
bottleneck,10,1,0,54,14,0,10.59,18.095,674.191,42.657,0.177,0.679,1795.14,2540.356,2631.429395,25872,0,1
bottleneck,10,1,0,55,15,0,10.264,9.677,655.208,44.469,0.156,0.68,1862.121,2573.987,2634.013694,25856,1,0
bottleneck,10,1,0,56,16,0,32.615,17.099,668.707,76.658,0.166,0.683,1789.927,2562.58,2636.609021,25872,1,0
bottleneck,10,1,0,57,17,0,27.006,12.779,661.842,27.385,0.185,0.676,1866.776,2571.548,2639.207706,25872,2,0
bottleneck,10,1,0,58,18,0,1821.416,13.522,658.906,88.524,0.157,0.721,1882.316,2645.957,2643.675262,25873,2,0
bottleneck,10,1,0,59,19,0,26.834,10.002,654.228,126.313,0.196,0.69,1792.306,2585.537,2646.287676,25856,0,1
bottleneck,10,1,1,0,0,0,122.545,13.824,658.379,163.832,0.221,0.68,1857.022,2695.751,2649.695488,25857,2,0
bottleneck,10,1,1,1,1,0,145.63,13.407,659.717,56.957,0.164,0.743,1796.369,2529.076,2652.370401,25857,1,0
bottleneck,10,1,1,2,2,0,23.791,11.748,660.059,81.156,0.179,0.718,1926.897,2691.603,2655.085925,25871,1,1
bottleneck,10,1,1,3,3,0,45.323,18.818,658.677,53.819,0.17,0.722,1789.349,2523.238,2657.654666,25871,1,1
bottleneck,10,1,1,4,4,0,28.539,13.407,656.715,27.53,0.16,0.688,1862.375,2562.638,2660.245975,25871,1,0
bottleneck,10,1,1,5,5,0,38.447,16.484,665.543,46.588,0.177,0.682,1793.936,2525.267,2662.809884,25871,1,0
bottleneck,10,1,1,6,6,0,27.369,12.184,658.722,55.203,0.209,0.677,1874.211,2603.052,2665.440435,25871,1,0
bottleneck,10,1,1,7,7,0,227.589,12.365,661.776,42.092,0.175,0.73,1793.557,2512.564,2668.180751,25872,1,0
bottleneck,10,1,1,8,8,0,188.393,12.495,647.567,52.73,0.198,0.725,1845.745,2561.215,2670.93049,25872,1,0
bottleneck,10,1,1,9,9,0,204.449,13.051,655.363,53.889,0.177,0.681,1792.369,2517.314,2673.652436,25872,1,0
bottleneck,10,1,1,10,10,0,10.976,9.684,659.719,91.105,0.181,0.679,1855.312,2618.386,2676.282032,25856,0,1
bottleneck,10,1,1,11,11,0,17.382,15.524,674.208,53.841,0.19,0.76,1788.315,2534.692,2678.834173,25856,0,1
bottleneck,10,1,1,12,12,1,9.999,9.624,653.456,115.777,0.193,0.682,1870.876,2661.091,2681.505312,25856,0,1
bottleneck,10,1,1,13,13,1,10.975,18.349,672.439,41.952,0.166,0.682,1798.609,2533.995,2684.050349,25872,1,0
bottleneck,10,1,1,14,14,1,6.606,12.563,655.064,169.973,0.209,0.677,1876.127,2723.514,2686.7806,25872,0,1
bottleneck,10,1,1,15,15,1,16.644,14.459,673.177,148.822,0.166,0.683,1795.061,2634.274,2689.431582,25856,1,0
bottleneck,10,1,1,16,16,1,26.003,12.782,658.986,95.787,0.157,0.687,1865.069,2648.712,2692.106427,25872,1,0
bottleneck,10,1,1,17,17,1,40.587,16.465,671.89,96.564,0.168,0.678,1792.622,2580.207,2694.727406,25872,2,0
bottleneck,10,1,1,18,18,1,1782.323,14.618,660.488,103.172,0.157,0.685,1790.122,2571.006,2699.080878,25873,2,0
bottleneck,10,1,1,19,19,1,26.816,10.225,657.615,81.426,0.168,0.682,1866.282,2618.322,2701.726061,25856,0,1
bottleneck,10,1,1,20,0,1,122.862,12.354,685.92,68.512,0.172,0.684,1797.836,2574.446,2704.423521,25858,2,0
bottleneck,10,1,1,21,1,1,124.529,12.742,656.288,60.495,0.164,0.684,1870.185,2602.3,2707.150496,25858,1,0
bottleneck,10,1,1,22,2,1,23.565,11.633,681.426,71.722,0.167,0.684,1795.592,2563.009,2709.737202,25872,1,1
bottleneck,10,1,1,23,3,1,28.393,12.445,658.459,46.916,0.17,0.676,1880.198,2600.631,2712.366354,25872,1,1
bottleneck,10,1,1,24,4,1,28.567,12.758,679.667,47.464,0.16,0.694,1790.245,2532.806,2714.927883,25872,1,0
bottleneck,10,1,1,25,5,1,28.251,12.272,656.814,85.663,0.201,0.691,1875.874,2633.224,2717.589531,25872,1,0
bottleneck,10,1,1,26,6,1,27.398,13.097,679.143,91.267,0.17,0.683,1793.334,2579.378,2720.196438,25872,1,0
bottleneck,10,1,1,27,7,1,189.437,12.886,661.209,49.54,0.163,0.679,1883.183,2619.949,2723.005954,25873,1,0
bottleneck,10,1,1,28,8,1,231.145,13.029,655.722,57.731,0.163,0.678,1795.499,2524.522,2725.761804,25873,1,0
bottleneck,10,1,1,29,9,1,178.346,12.7,657.23,53.53,0.164,0.675,1876.402,2602.407,2728.542685,25873,1,0
bottleneck,10,1,1,30,10,1,17.904,14.565,679.802,74.211,0.169,0.752,1834.954,2606.273,2731.16718,25856,0,1
bottleneck,10,1,1,31,11,1,11.114,10.004,660.98,157.272,0.17,0.679,1869.213,2707.24,2733.885581,25856,0,1
bottleneck,10,1,1,32,12,1,15.728,15.009,667.866,37.27,0.162,0.678,1793.61,2516.318,2736.417694,25856,0,1
bottleneck,10,1,1,33,13,1,6.909,12.06,660.417,80.114,0.16,0.684,1871.475,2634.054,2739.058709,25872,1,0
bottleneck,10,1,1,34,14,1,9.278,17.171,672.413,140.335,0.157,0.681,1791.207,2623.671,2741.691823,25872,0,1
bottleneck,10,1,1,35,15,1,10.415,10.683,656.627,45.904,0.181,0.68,1855.455,2578.576,2744.280862,25856,1,0
bottleneck,10,1,1,36,16,1,41.742,18.815,669.886,84.158,0.166,0.669,1798.502,2574.053,2746.89684,25872,1,0
bottleneck,10,1,1,37,17,1,26.749,12.526,658.222,80.588,0.176,0.684,1878.838,2640.989,2749.56471,25872,2,0
bottleneck,10,1,1,38,18,1,1826.148,13.892,660.607,166.734,0.164,0.772,1862.344,2706.198,2754.09726,25873,2,0
bottleneck,10,1,1,39,19,1,27.349,10.454,657.086,94.1,0.177,0.679,1792.15,2556.42,2756.681074,25856,0,1
bottleneck,10,1,1,40,0,1,124.038,12.486,673.66,38.911,0.162,0.679,1881.906,2609.568,2759.414834,25858,2,0
bottleneck,10,1,1,41,1,1,124.661,11.918,679.053,70.676,0.162,0.679,1789.788,2558.622,2762.098266,25858,1,0
bottleneck,10,1,1,42,2,1,23.817,12.01,655.712,53.952,0.167,0.676,1865.291,2589.62,2764.711834,25872,1,1
bottleneck,10,1,1,43,3,1,28.23,13.584,681.368,82.03,0.176,0.695,1791.198,2578.296,2767.318489,25872,1,1
bottleneck,10,1,1,44,4,1,28.504,12.761,661.455,34.982,0.168,0.677,1881.109,2593.023,2769.940147,25872,1,0
bottleneck,10,1,1,45,5,1,39.35,16.276,668.131,53.497,0.191,0.679,1793.969,2534.601,2772.514272,25872,1,0
bottleneck,10,1,1,46,6,1,27.653,12.343,660.566,37.117,0.173,0.71,1880.484,2593.227,2775.135281,25872,1,0
bottleneck,10,1,1,47,7,1,226.322,12.986,657.564,72.958,0.169,0.677,1795.161,2541.206,2777.902977,25873,1,0
bottleneck,10,1,1,48,8,1,189.165,12.604,649.696,89.692,0.167,0.73,1865.559,2627.477,2780.719749,25873,1,0
bottleneck,10,1,1,49,9,1,214.451,12.425,670.968,52.941,0.182,0.688,1793.29,2532.225,2783.466604,25873,1,0
bottleneck,10,1,1,50,10,1,11.061,11.234,660.906,213.449,0.174,0.677,1871.85,2760.006,2786.237903,25856,0,1
bottleneck,10,1,1,51,11,1,17.234,14.217,674.355,130.616,0.19,0.695,1797.133,2619.051,2788.874255,25856,0,1
bottleneck,10,1,1,52,12,1,10.104,11.58,655.119,57.292,0.178,0.751,1879.068,2612.933,2791.49734,25856,0,1
bottleneck,10,1,1,53,13,1,10.959,18.375,705.009,163.984,0.155,0.685,1793.689,2683.721,2794.19209,25872,1,0
bottleneck,10,1,1,54,14,0,6.523,12.548,660.65,75.474,0.168,0.699,1878.182,2640.83,2796.839576,25872,0,1
bottleneck,10,1,1,55,15,0,16.031,14.333,680.209,74.921,0.165,0.688,1797.959,2569.958,2799.42563,25856,1,0
bottleneck,10,1,1,56,16,0,26.096,12.849,679.717,56.299,0.158,0.678,1866.861,2618.382,2802.070242,25872,1,0
bottleneck,10,1,1,57,17,0,44.354,19.317,658.558,78.255,0.181,0.68,1789.538,2548.467,2804.66324,25872,2,0
bottleneck,10,1,1,58,18,0,1786.936,14.265,664.808,125.391,0.165,0.678,1792.868,2599.96,2809.050282,25873,2,0
bottleneck,10,1,1,59,19,0,26.829,10.444,654.217,47.349,0.163,0.681,1878.001,2592.644,2811.669799,25856,0,1
bottleneck,10,1,2,0,0,0,144.194,16.841,662.655,52.212,0.145,0.899,2328.08,3062.543,2815.279977,25857,2,0
bottleneck,10,1,2,1,1,0,124.661,12.407,662.66,63.477,0.176,0.727,1914.144,2655.433,2818.060267,25857,1,0
bottleneck,10,1,2,2,2,0,36.21,15.891,733.879,56.429,0.169,0.682,1802.513,2620.433,2820.71709,25871,1,1
bottleneck,10,1,2,3,3,0,28.54,12.569,661.126,82.476,0.176,0.684,1880.755,2639.6,2823.385359,25871,1,1
bottleneck,10,1,2,4,4,0,45.645,19.094,673.473,62.979,0.177,0.673,1795.918,2564.951,2825.996137,25871,1,0
bottleneck,10,1,2,5,5,0,27.664,12.687,657.785,166.05,0.177,0.731,1877.052,2716.245,2828.740185,25871,1,0
bottleneck,10,1,2,6,6,0,43.593,19.266,661.71,61.976,0.165,0.678,1794.86,2540.502,2831.324463,25871,1,0
bottleneck,10,1,2,7,7,0,189.97,12.608,659.465,52.1,0.202,0.707,1861.631,2588.688,2834.103253,25872,1,0
bottleneck,10,1,2,8,8,0,229.197,12.364,653.975,79.734,0.186,0.746,1803.804,2563.493,2836.896124,25872,1,0
bottleneck,10,1,2,9,9,0,178.814,13.084,662.133,118.856,0.208,0.72,1794.607,2591.494,2839.666566,25872,1,0
bottleneck,10,1,2,10,10,0,17.492,17.31,678.07,40.256,0.166,0.677,1795.188,2539.237,2842.223609,25856,0,1
bottleneck,10,1,2,11,11,0,11.223,9.647,657.572,35.286,0.165,0.682,1792.986,2498.019,2844.732899,25856,0,1
bottleneck,10,1,2,12,12,1,9.815,9.691,691.783,28.534,0.182,0.697,1796.13,2535.962,2847.278724,25856,0,1
bottleneck,10,1,2,13,13,1,6.985,11.99,657.918,85.741,0.194,0.717,1904.617,2663.003,2849.94876,25872,1,0
bottleneck,10,1,2,14,14,1,9.147,16.191,671.645,43.562,0.166,0.68,1797.771,2539.016,2852.497088,25872,0,1
bottleneck,10,1,2,15,15,1,10.152,10.13,660.176,47.798,0.202,1.016,1846.229,2567.311,2855.0746,25856,1,0
bottleneck,10,1,2,16,16,1,36.278,17.298,671.608,54.822,0.162,0.693,1793.371,2547.133,2857.658176,25872,1,0
bottleneck,10,1,2,17,17,1,26.867,12.644,660.051,79.137,0.163,0.688,1984.265,2738.65,2860.423824,25872,2,0
bottleneck,10,1,2,18,18,1,1828.685,13.966,655.496,167.202,0.159,0.68,1872.632,2711.957,2864.96477,25873,2,0
bottleneck,10,1,2,19,19,1,26.745,9.65,672.494,45.378,0.163,0.803,1791.734,2522.118,2867.51368,25856,0,1
bottleneck,10,1,2,20,0,1,123.44,12.345,661.23,67.384,0.161,0.675,1877.383,2621.261,2870.258564,25858,2,0
bottleneck,10,1,2,21,1,1,124.597,12.255,677.414,61.813,0.176,0.678,1795.956,2550.017,2872.933351,25858,1,0
bottleneck,10,1,2,22,2,1,23.571,11.725,654.042,47.088,0.167,0.679,1865.319,2588.104,2875.545159,25872,1,1
bottleneck,10,1,2,23,3,1,28.032,12.369,674.659,43.69,0.155,0.684,1797.491,2530.792,2878.104112,25872,1,1
bottleneck,10,1,2,24,4,1,28.926,12.504,658.63,37.867,0.171,0.681,1909.58,2628.514,2880.761683,25872,1,0
bottleneck,10,1,2,25,5,1,27.6,12.775,684.265,58.508,0.162,0.727,1797.179,2555.303,2883.34472,25872,1,0
bottleneck,10,1,2,26,6,1,27.292,12.339,665.328,127.704,0.169,0.69,1885.164,2693.162,2886.065307,25872,1,0
bottleneck,10,1,2,27,7,1,227.462,13.12,655.78,134.79,0.179,0.692,1793.476,2599.723,2888.892672,25873,1,0
bottleneck,10,1,2,28,8,1,189.417,12.402,649.704,34.259,0.18,0.679,1890.849,2596.684,2891.678903,25873,1,0
bottleneck,10,1,2,29,9,1,218.529,12.92,656.748,46.43,0.176,0.74,1793.383,2512.318,2894.409944,25873,1,0
bottleneck,10,1,2,30,10,1,11.055,9.912,668.012,45.77,0.173,0.679,1868.472,2594.84,2897.016071,25856,0,1
bottleneck,10,1,2,31,11,1,17.853,14.393,664.745,57.298,0.173,0.687,1792.622,2531.611,2899.565604,25856,0,1
bottleneck,10,1,2,32,12,1,9.9,10.039,661.576,32.406,0.176,0.712,1876.221,2583.054,2902.158606,25856,0,1
bottleneck,10,1,2,33,13,1,9.447,16.808,681.196,71.062,0.173,0.685,1798.969,2570.789,2904.738905,25872,1,0
bottleneck,10,1,2,34,14,1,6.727,12.206,661.751,56.713,0.164,0.732,1897.662,2631.025,2907.376788,25872,0,1
bottleneck,10,1,2,35,15,1,14.654,14.785,681.228,77.683,0.158,0.691,1813.687,2590.211,2909.981712,25856,1,0
bottleneck,10,1,2,36,16,1,26.361,12.79,654.949,48.707,0.156,0.671,1900.991,2620.031,2912.628237,25872,1,0
bottleneck,10,1,2,37,17,1,43.377,18.703,683.769,35.858,0.166,0.728,1814.119,2555.167,2915.22696,25872,2,0
bottleneck,10,1,2,38,18,1,1789.499,14.133,656.395,56.282,0.155,0.723,1794.648,2524.149,2919.540769,25873,2,0
bottleneck,10,1,2,39,19,1,26.756,9.621,659.799,59.497,0.177,0.761,1882.149,2613.703,2922.181272,25856,0,1
bottleneck,10,1,2,40,0,1,126.393,11.993,690.249,43.551,0.173,0.673,1792.01,2540.638,2924.848458,25858,2,0
bottleneck,10,1,2,41,1,1,125.78,12.718,658.549,49.27,0.162,0.676,1872.832,2595.917,2927.570305,25858,1,0
bottleneck,10,1,2,42,2,1,24.447,11.618,682.104,65.906,0.163,0.775,1791.298,2553.529,2930.148412,25872,1,1
bottleneck,10,1,2,43,3,1,28.165,12.478,666.352,59.598,0.168,0.695,1875.035,2616.155,2932.792862,25872,1,1
bottleneck,10,1,2,44,4,1,28.818,12.362,676.887,81.509,0.169,0.674,1805.202,2578.764,2935.400576,25872,1,0
bottleneck,10,1,2,45,5,1,27.882,12.498,662.486,65.488,0.164,0.683,1879.784,2622.95,2938.051538,25872,1,0
bottleneck,10,1,2,46,6,1,37.816,16.547,676.229,64.788,0.163,0.708,1809.023,2580.941,2940.670457,25872,1,0
bottleneck,10,1,2,47,7,1,190.841,12.843,657.467,55.066,0.17,0.761,1875.057,2603.268,2943.464696,25873,1,0
bottleneck,10,1,2,48,8,1,227.666,12.278,648.608,37.321,0.171,0.722,1805.692,2506.496,2946.199041,25873,1,0
bottleneck,10,1,2,49,9,1,177.727,12.3,660.481,37.692,0.155,0.683,1884.178,2597.224,2948.974126,25873,1,0
bottleneck,10,1,2,50,10,1,17.888,14.808,677.549,95.954,0.182,0.74,1810.675,2610.293,2951.602625,25856,0,1
bottleneck,10,1,2,51,11,1,10.909,10.577,654.267,115.348,0.229,0.747,1885.264,2668.31,2954.281891,25856,0,1
bottleneck,10,1,2,52,12,1,15.521,14.626,666.044,49.926,0.164,0.688,1824.462,2565.039,2956.862517,25856,0,1
bottleneck,10,1,2,53,13,1,6.963,12.368,656.323,102.402,0.166,0.687,1898.592,2672.267,2959.541798,25872,1,0
bottleneck,10,1,2,54,14,0,10.751,18.347,675.341,52.908,0.167,0.732,1830.531,2579.771,2962.132505,25872,0,1
bottleneck,10,1,2,55,15,0,10.489,9.55,655.715,89.96,0.165,0.686,1925.267,2683.031,2964.826073,25856,1,0
bottleneck,10,1,2,56,16,0,40.014,16.567,672.046,74.896,0.161,0.688,1839.702,2606.174,2967.472444,25872,1,0
bottleneck,10,1,2,57,17,0,27.045,12.581,660.704,60.82,0.17,0.686,1948.336,2685.051,2970.184671,25872,2,0
bottleneck,10,1,2,58,18,0,1819.719,13.601,663.997,45.307,0.213,0.682,1877.063,2602.563,2974.607158,25873,2,0
bottleneck,10,1,2,59,19,0,26.603,9.807,657.274,53.929,0.177,0.709,1798.626,2522.474,2977.15628,25856,0,1
